player.name,team.name,passes,goals,shots,duels,interceptions,dribbles,ball_recoveries,assists,matches_played,minutes_played,goals_per90,assists_per90,shots_per90,passes_per90,interceptions_per90,dribbles_per90,ball_recoveries_per90,duels_per90
Adam Hložek,Bayer Leverkusen,155,2.0,19.0,17.0,3.0,11.0,20.0,2.0,22,1937,0.09292720702116676,0.09292720702116676,0.8828084667010841,7.201858544140424,0.13939081053175012,0.5110996386164172,0.9292720702116675,0.7898812596799174
Adrian Beck,FC Heidenheim,36,0.0,0.0,3.0,0.0,0.0,3.0,0.0,2,140,0.0,0.0,0.0,23.14285714285714,0.0,0.0,1.9285714285714286,1.9285714285714286
Alassane Pléa,Borussia Mönchengladbach,46,0.0,1.0,4.0,0.0,2.0,5.0,0.0,1,93,0.0,0.0,0.967741935483871,44.516129032258064,0.0,1.935483870967742,4.838709677419355,3.870967741935484
Alejandro Grimaldo García,Bayer Leverkusen,2159,10.0,71.0,65.0,29.0,40.0,158.0,13.0,33,3026,0.29742233972240584,0.3866490416391276,2.1116986120290813,64.21348314606742,0.8625247851949768,1.1896893588896233,4.699272967614012,1.933245208195638
Aleksandar Pavlović,Bayern Munich,51,0.0,0.0,1.0,2.0,0.0,4.0,0.0,1,59,0.0,0.0,0.0,77.79661016949153,3.0508474576271185,0.0,6.101694915254237,1.5254237288135593
Alex Král,Union Berlin,48,0.0,2.0,3.0,1.0,1.0,9.0,0.0,2,185,0.0,0.0,0.972972972972973,23.351351351351354,0.4864864864864865,0.4864864864864865,4.378378378378379,1.4594594594594597
Alexander Nübel,VfB Stuttgart,106,0.0,0.0,0.0,0.0,0.0,11.0,0.0,2,190,0.0,0.0,0.0,50.21052631578947,0.0,0.0,5.2105263157894735,0.0
Alphonso Davies,Bayern Munich,62,0.0,0.0,3.0,4.0,3.0,2.0,0.0,1,96,0.0,0.0,0.0,58.125,3.75,2.8125,1.875,2.8125
Amin Sarr,Wolfsburg,15,0.0,0.0,3.0,0.0,1.0,2.0,0.0,2,182,0.0,0.0,0.0,7.417582417582418,0.0,0.4945054945054945,0.989010989010989,1.4835164835164836
Amine Adli,Bayer Leverkusen,465,4.0,27.0,36.0,6.0,25.0,38.0,5.0,23,1969,0.1828339258506856,0.22854240731335704,1.234128999492128,21.254443880142205,0.27425088877602843,1.142712036566785,1.7369222955815136,1.6455053326561706
Andreas Müller,Darmstadt 98,7,0.0,0.0,2.0,2.0,1.0,0.0,0.0,1,93,0.0,0.0,0.0,6.774193548387097,1.935483870967742,0.967741935483871,0.0,1.935483870967742
Andrej Kramarić,Hoffenheim,33,0.0,2.0,2.0,0.0,0.0,4.0,0.0,2,147,0.0,0.0,1.2244897959183674,20.20408163265306,0.0,0.0,2.4489795918367347,1.2244897959183674
András Schäfer,Union Berlin,24,0.0,1.0,8.0,1.0,1.0,5.0,0.0,1,62,0.0,0.0,1.4516129032258065,34.83870967741935,1.4516129032258065,1.4516129032258065,7.258064516129032,11.612903225806452
Angelo Stiller,VfB Stuttgart,79,0.0,1.0,3.0,2.0,0.0,6.0,0.0,1,94,0.0,0.0,0.9574468085106382,75.63829787234043,1.9148936170212765,0.0,5.744680851063829,2.8723404255319145
Ansgar Knauff,Eintracht Frankfurt,30,0.0,1.0,4.0,0.0,3.0,7.0,0.0,2,185,0.0,0.0,0.4864864864864865,14.594594594594595,0.0,1.4594594594594597,3.4054054054054057,1.945945945945946
Anthony Caci,FSV Mainz 05,85,0.0,1.0,4.0,3.0,1.0,10.0,0.0,2,186,0.0,0.0,0.4838709677419355,41.12903225806451,1.4516129032258065,0.4838709677419355,4.838709677419355,1.935483870967742
Anthony Jung,Werder Bremen,62,0.0,0.0,3.0,3.0,1.0,3.0,0.0,1,82,0.0,0.0,0.0,68.04878048780488,3.292682926829268,1.0975609756097562,3.292682926829268,3.292682926829268
Anthony Losilla,Bochum,42,0.0,1.0,4.0,3.0,1.0,5.0,0.0,2,146,0.0,0.0,0.6164383561643836,25.89041095890411,1.8493150684931505,0.6164383561643836,3.0821917808219177,2.4657534246575343
Anthony Rouault,VfB Stuttgart,9,0.0,0.0,2.0,0.0,0.0,0.0,0.0,2,189,0.0,0.0,0.0,4.285714285714286,0.0,0.0,0.0,0.9523809523809523
Anton Stach,Hoffenheim,96,1.0,2.0,5.0,9.0,1.0,8.0,0.0,2,188,0.4787234042553191,0.0,0.9574468085106382,45.95744680851063,4.308510638297872,0.4787234042553191,3.829787234042553,2.393617021276596
Antonios Papadopoulos,Borussia Dortmund,10,0.0,0.0,3.0,0.0,0.0,3.0,0.0,1,93,0.0,0.0,0.0,9.67741935483871,0.0,0.0,2.903225806451613,2.903225806451613
Anwar El Ghazi,FSV Mainz 05,10,0.0,1.0,1.0,1.0,1.0,1.0,0.0,1,92,0.0,0.0,0.9782608695652174,9.782608695652174,0.9782608695652174,0.9782608695652174,0.9782608695652174,0.9782608695652174
Arne Engels,Augsburg,23,0.0,1.0,2.0,0.0,0.0,3.0,0.0,2,186,0.0,0.0,0.4838709677419355,11.129032258064516,0.0,0.0,1.4516129032258065,0.967741935483871
Arne Maier,Augsburg,54,0.0,0.0,1.0,1.0,3.0,4.0,1.0,2,185,0.0,0.4864864864864865,0.0,26.27027027027027,0.4864864864864865,1.4594594594594597,1.945945945945946,0.4864864864864865
Arthur Augusto de Matos Soares,Bayer Leverkusen,108,0.0,2.0,7.0,1.0,6.0,8.0,2.0,4,338,0.0,0.5325443786982248,0.5325443786982248,28.757396449704142,0.2662721893491124,1.5976331360946745,2.130177514792899,1.8639053254437872
Aster Vranckx,Wolfsburg,7,0.0,0.0,0.0,0.0,0.0,0.0,0.0,1,88,0.0,0.0,0.0,7.159090909090909,0.0,0.0,0.0,0.0
Atakan Karazor,VfB Stuttgart,129,0.0,1.0,8.0,5.0,1.0,12.0,0.0,2,187,0.0,0.0,0.48128342245989303,62.0855614973262,2.406417112299465,0.48128342245989303,5.7754010695187175,3.8502673796791442
Aurélio Gabriel Ulineia Buta,Eintracht Frankfurt,65,0.0,1.0,2.0,0.0,1.0,10.0,0.0,2,189,0.0,0.0,0.47619047619047616,30.95238095238095,0.0,0.47619047619047616,4.761904761904762,0.9523809523809523
Aymen Barkok,FSV Mainz 05,18,0.0,1.0,1.0,0.0,0.0,2.0,0.0,1,93,0.0,0.0,0.967741935483871,17.419354838709676,0.0,0.0,1.935483870967742,0.967741935483871
Aïssa Bilal Laïdouni,Union Berlin,63,0.0,1.0,5.0,6.0,0.0,6.0,0.0,2,182,0.0,0.0,0.4945054945054945,31.153846153846153,2.967032967032967,0.0,2.967032967032967,2.4725274725274726
Bambasé Conté,Hoffenheim,4,0.0,0.0,1.0,0.0,0.0,1.0,0.0,1,94,0.0,0.0,0.0,3.829787234042553,0.0,0.0,0.9574468085106382,0.9574468085106382
Bartol Franjić,Darmstadt 98,57,0.0,0.0,3.0,8.0,4.0,5.0,0.0,2,173,0.0,0.0,0.0,29.653179190751445,4.161849710982659,2.0809248554913293,2.601156069364162,1.5606936416184969
Benedict Hollerbach,Union Berlin,5,0.0,0.0,2.0,1.0,2.0,2.0,0.0,1,96,0.0,0.0,0.0,4.6875,0.9375,1.875,1.875,1.875
Benedikt Gimber,FC Heidenheim,20,0.0,1.0,1.0,1.0,0.0,0.0,0.0,1,81,0.0,0.0,1.1111111111111112,22.22222222222222,1.1111111111111112,0.0,0.0,1.1111111111111112
Benjamin Henrichs,RB Leipzig,69,0.0,6.0,2.0,2.0,2.0,4.0,0.0,2,188,0.0,0.0,2.8723404255319145,33.03191489361702,0.9574468085106382,0.9574468085106382,1.9148936170212765,0.9574468085106382
Benjamin Šeško,RB Leipzig,16,0.0,3.0,4.0,0.0,3.0,3.0,0.0,1,73,0.0,0.0,3.698630136986301,19.726027397260275,0.0,3.698630136986301,3.698630136986301,4.931506849315069
Benno Schmitz,FC Köln,7,0.0,0.0,1.0,1.0,0.0,0.0,0.0,1,92,0.0,0.0,0.0,6.847826086956522,0.9782608695652174,0.0,0.0,0.9782608695652174
Bernardo Fernandes da Silva Junior,Bochum,44,0.0,1.0,8.0,3.0,0.0,5.0,0.0,2,138,0.0,0.0,0.6521739130434783,28.69565217391304,1.9565217391304348,0.0,3.2608695652173916,5.217391304347826
Borja Iglesias Quintas,Bayer Leverkusen,77,0.0,8.0,11.0,1.0,2.0,7.0,0.0,7,617,0.0,0.0,1.1669367909238249,11.231766612641815,0.1458670988654781,0.2917341977309562,1.0210696920583469,1.6045380875202593
Brajan Gruda,FSV Mainz 05,54,0.0,1.0,4.0,2.0,7.0,9.0,0.0,2,137,0.0,0.0,0.656934306569343,35.47445255474453,1.313868613138686,4.598540145985401,5.912408759124088,2.627737226277372
Brenden Aaronson,Union Berlin,30,0.0,0.0,2.0,0.0,2.0,9.0,0.0,2,168,0.0,0.0,0.0,16.071428571428573,0.0,1.0714285714285714,4.821428571428571,1.0714285714285714
Chris Führich,VfB Stuttgart,62,2.0,6.0,4.0,2.0,6.0,8.0,0.0,2,156,1.1538461538461537,0.0,3.4615384615384617,35.76923076923077,1.1538461538461537,3.4615384615384617,4.615384615384615,2.3076923076923075
Christian Groß,Werder Bremen,63,0.0,0.0,4.0,2.0,1.0,2.0,0.0,1,86,0.0,0.0,0.0,65.93023255813954,2.0930232558139537,1.0465116279069768,2.0930232558139537,4.186046511627907
Christian Günter,Freiburg,43,0.0,2.0,0.0,1.0,0.0,0.0,0.0,1,93,0.0,0.0,1.935483870967742,41.61290322580645,0.967741935483871,0.0,0.0,0.0
Christoph Baumgartner,RB Leipzig,5,0.0,0.0,1.0,0.0,0.0,0.0,0.0,1,92,0.0,0.0,0.0,4.891304347826087,0.0,0.0,0.0,0.9782608695652174
Christoph Klarer,Darmstadt 98,35,0.0,0.0,7.0,0.0,0.0,3.0,1.0,2,186,0.0,0.4838709677419355,0.0,16.93548387096774,0.0,0.0,1.4516129032258065,3.3870967741935485
Christoph Kramer,Borussia Mönchengladbach,3,0.0,0.0,1.0,0.0,0.0,0.0,0.0,1,93,0.0,0.0,0.0,2.903225806451613,0.0,0.0,0.0,0.967741935483871
Christoph Zimmermann,Darmstadt 98,55,0.0,1.0,3.0,2.0,0.0,4.0,0.0,2,160,0.0,0.0,0.5625,30.9375,1.125,0.0,2.25,1.6875
Christopher Antwi-Adjej,Bochum,19,0.0,1.0,4.0,0.0,0.0,4.0,0.0,1,62,0.0,0.0,1.4516129032258065,27.580645161290324,0.0,0.0,5.806451612903226,5.806451612903226
Christopher Trimmel,Union Berlin,44,0.0,0.0,4.0,1.0,0.0,3.0,0.0,2,151,0.0,0.0,0.0,26.225165562913908,0.5960264900662252,0.0,1.7880794701986755,2.384105960264901
Cristian Gamboa Luna,Bochum,36,0.0,0.0,4.0,6.0,0.0,6.0,0.0,1,93,0.0,0.0,0.0,34.83870967741935,5.806451612903226,0.0,5.806451612903226,3.870967741935484
Cédric Zesiger,Wolfsburg,26,0.0,1.0,2.0,0.0,0.0,3.0,0.0,1,87,0.0,0.0,1.0344827586206897,26.896551724137932,0.0,0.0,3.103448275862069,2.0689655172413794
Dan-Axel Zagadou,VfB Stuttgart,77,0.0,1.0,2.0,0.0,1.0,4.0,0.0,1,94,0.0,0.0,0.9574468085106382,73.72340425531915,0.0,0.9574468085106382,3.829787234042553,1.9148936170212765
Daniel Olmo Carvajal,RB Leipzig,67,1.0,2.0,6.0,2.0,3.0,10.0,1.0,2,167,0.5389221556886228,0.5389221556886228,1.0778443113772456,36.10778443113772,1.0778443113772456,1.6167664670658681,5.389221556886228,3.2335329341317363
Danilho Doekhi,Union Berlin,28,0.0,0.0,1.0,1.0,0.0,0.0,0.0,1,94,0.0,0.0,0.0,26.80851063829787,0.9574468085106382,0.0,0.0,0.9574468085106382
Danilo Teodoro Soares,Bochum,18,0.0,0.0,0.0,0.0,0.0,4.0,0.0,1,92,0.0,0.0,0.0,17.608695652173914,0.0,0.0,3.9130434782608696,0.0
Danny Vieira da Costa,FSV Mainz 05,35,0.0,0.0,2.0,0.0,0.0,4.0,0.0,1,68,0.0,0.0,0.0,46.3235294117647,0.0,0.0,5.294117647058823,2.6470588235294117
David Datro Fofana,Union Berlin,13,0.0,0.0,7.0,0.0,3.0,3.0,0.0,1,77,0.0,0.0,0.0,15.194805194805195,0.0,3.5064935064935066,3.5064935064935066,8.181818181818182
David Jurásek,Hoffenheim,41,0.0,0.0,3.0,3.0,0.0,9.0,0.0,1,95,0.0,0.0,0.0,38.8421052631579,2.8421052631578947,0.0,8.526315789473685,2.8421052631578947
David Raum,RB Leipzig,137,0.0,0.0,5.0,4.0,4.0,6.0,1.0,2,188,0.0,0.4787234042553191,0.0,65.58510638297872,1.9148936170212765,1.9148936170212765,2.8723404255319145,2.393617021276596
Davie Selke,FC Köln,11,0.0,1.0,1.0,0.0,0.0,0.0,0.0,1,90,0.0,0.0,1.0,11.0,0.0,0.0,0.0,1.0
Dawid Kownacki,Werder Bremen,5,0.0,0.0,1.0,0.0,0.0,0.0,0.0,1,88,0.0,0.0,0.0,5.113636363636363,0.0,0.0,0.0,1.0227272727272727
Dayotchanculle Upamecano,Bayern Munich,146,0.0,1.0,5.0,3.0,0.0,14.0,0.0,2,156,0.0,0.0,0.5769230769230769,84.23076923076923,1.7307692307692308,0.0,8.076923076923077,2.884615384615384
Dejan Ljubicic,FC Köln,61,0.0,2.0,1.0,3.0,0.0,6.0,0.0,2,180,0.0,0.0,1.0,30.5,1.5,0.0,3.0,0.5
Denis Huseinbašić,FC Köln,50,0.0,0.0,6.0,1.0,0.0,5.0,0.0,2,166,0.0,0.0,0.0,27.108433734939762,0.5421686746987953,0.0,2.710843373493976,3.253012048192771
Denis Thomalla,FC Heidenheim,8,0.0,0.0,0.0,0.0,0.0,1.0,0.0,1,95,0.0,0.0,0.0,7.578947368421052,0.0,0.0,0.9473684210526315,0.0
Deniz Undav,VfB Stuttgart,45,1.0,9.0,5.0,1.0,3.0,5.0,0.0,2,157,0.5732484076433121,0.0,5.159235668789809,25.796178343949045,0.5732484076433121,1.7197452229299361,2.8662420382165603,2.8662420382165603
Dennis Geiger,Hoffenheim,5,0.0,0.0,0.0,0.0,0.0,1.0,0.0,1,93,0.0,0.0,0.0,4.838709677419355,0.0,0.0,0.967741935483871,0.0
Diogo Filipe Monteiro Pinto Leite,Union Berlin,89,0.0,1.0,7.0,5.0,2.0,11.0,0.0,2,185,0.0,0.0,0.4864864864864865,43.2972972972973,2.4324324324324325,0.972972972972973,5.351351351351352,3.4054054054054057
Dion Drena Beljo,Augsburg,1,0.0,0.0,1.0,0.0,0.0,0.0,0.0,2,186,0.0,0.0,0.0,0.4838709677419355,0.0,0.0,0.0,0.4838709677419355
Dominik Kohr,FSV Mainz 05,83,1.0,3.0,9.0,3.0,0.0,2.0,0.0,2,161,0.5590062111801242,0.0,1.6770186335403727,46.39751552795031,1.6770186335403727,0.0,1.1180124223602483,5.031055900621118
Edimilson Fernandes,FSV Mainz 05,65,0.0,1.0,3.0,3.0,1.0,7.0,0.0,1,93,0.0,0.0,0.967741935483871,62.903225806451616,2.903225806451613,0.967741935483871,6.774193548387097,2.903225806451613
Edmond Fayçal Tapsoba,Bayer Leverkusen,1946,0.0,12.0,64.0,29.0,16.0,136.0,1.0,27,2452,0.0,0.0367047308319739,0.44045676998368677,71.4274061990212,1.064437194127243,0.5872756933115824,4.99184339314845,2.3491027732463294
Elias Niklas Baum,Eintracht Frankfurt,4,0.0,0.0,2.0,0.0,0.0,0.0,0.0,1,95,0.0,0.0,0.0,3.789473684210526,0.0,0.0,0.0,1.894736842105263
Eljif Elmas,RB Leipzig,7,0.0,0.0,0.0,0.0,0.0,0.0,0.0,1,93,0.0,0.0,0.0,6.774193548387097,0.0,0.0,0.0,0.0
Ellyes Joris Skhiri,Eintracht Frankfurt,63,0.0,0.0,3.0,1.0,0.0,4.0,0.0,2,164,0.0,0.0,0.0,34.573170731707314,0.5487804878048781,0.0,2.1951219512195124,1.646341463414634
Elvis Rexhbeçaj,Augsburg,15,0.0,0.0,2.0,3.0,0.0,2.0,0.0,1,87,0.0,0.0,0.0,15.517241379310345,3.103448275862069,0.0,2.0689655172413794,2.0689655172413794
Emil Peter Forsberg,RB Leipzig,7,0.0,0.0,0.0,0.0,0.0,1.0,0.0,1,91,0.0,0.0,0.0,6.923076923076923,0.0,0.0,0.989010989010989,0.0
Emir Karic,Darmstadt 98,89,0.0,2.0,5.0,0.0,4.0,12.0,0.0,2,186,0.0,0.0,0.967741935483871,43.064516129032256,0.0,1.935483870967742,5.806451612903226,2.4193548387096775
Emre Can,Borussia Dortmund,72,0.0,1.0,3.0,3.0,2.0,8.0,0.0,2,157,0.0,0.0,0.5732484076433121,41.27388535031847,1.7197452229299361,1.1464968152866242,4.585987261146497,1.7197452229299361
Enzo Millot,VfB Stuttgart,98,0.0,0.0,5.0,1.0,1.0,9.0,0.0,2,138,0.0,0.0,0.0,63.913043478260875,0.6521739130434783,0.6521739130434783,5.869565217391304,3.2608695652173916
Eren Sami Dinkçi,FC Heidenheim,30,1.0,1.0,3.0,0.0,9.0,10.0,0.0,2,156,0.5769230769230769,0.0,0.5769230769230769,17.30769230769231,0.0,5.1923076923076925,5.769230769230768,1.7307692307692308
Erhan Mašović,Bochum,25,0.0,0.0,7.0,5.0,0.0,3.0,0.0,2,157,0.0,0.0,0.0,14.331210191082802,2.8662420382165603,0.0,1.7197452229299361,4.012738853503184
Eric Dier,Bayern Munich,119,0.0,0.0,4.0,0.0,0.0,2.0,0.0,1,93,0.0,0.0,0.0,115.16129032258064,0.0,0.0,1.935483870967742,3.870967741935484
Eric Junior Dina Ebimbe,Eintracht Frankfurt,42,0.0,1.0,8.0,0.0,1.0,6.0,0.0,2,150,0.0,0.0,0.6000000000000001,25.200000000000003,0.0,0.6000000000000001,3.6,4.800000000000001
Eric Martel,FC Köln,39,0.0,2.0,4.0,0.0,0.0,4.0,0.0,2,156,0.0,0.0,1.1538461538461537,22.5,0.0,0.0,2.3076923076923075,2.3076923076923075
Ermedin Demirović,Augsburg,38,0.0,6.0,7.0,1.0,4.0,12.0,0.0,2,169,0.0,0.0,3.195266272189349,20.236686390532544,0.5325443786982248,2.130177514792899,6.390532544378698,3.7278106508875744
Exequiel Alejandro Palacios,Bayer Leverkusen,2022,4.0,21.0,68.0,33.0,23.0,136.0,4.0,24,2072,0.17374517374517376,0.17374517374517376,0.9121621621621622,87.82818532818533,1.4333976833976834,0.9990347490347491,5.907335907335907,2.9536679536679533
Fabian Holland,Darmstadt 98,47,0.0,0.0,7.0,2.0,0.0,6.0,0.0,2,159,0.0,0.0,0.0,26.60377358490566,1.1320754716981132,0.0,3.3962264150943393,3.962264150943396
Fabian Nürnberger,Darmstadt 98,7,0.0,0.0,1.0,0.0,0.0,1.0,0.0,1,25,0.0,0.0,0.0,25.200000000000003,0.0,0.0,3.6,3.6
Fabio Carvalho,RB Leipzig,6,0.0,0.0,0.0,0.0,2.0,2.0,0.0,1,95,0.0,0.0,0.0,5.684210526315789,0.0,1.894736842105263,1.894736842105263,0.0
Fabio Torsiello,Darmstadt 98,10,0.0,0.0,2.0,0.0,0.0,2.0,0.0,1,93,0.0,0.0,0.0,9.67741935483871,0.0,0.0,1.935483870967742,1.935483870967742
Fares Chaïbi,Eintracht Frankfurt,65,0.0,5.0,8.0,1.0,0.0,7.0,1.0,2,161,0.0,0.5590062111801242,2.7950310559006213,36.33540372670807,0.5590062111801242,0.0,3.9130434782608696,4.472049689440993
Faride Alidou,FC Köln,22,0.0,1.0,7.0,2.0,2.0,6.0,0.0,2,142,0.0,0.0,0.6338028169014085,13.943661971830984,1.267605633802817,1.267605633802817,3.8028169014084505,4.436619718309859
Felix Agu,Werder Bremen,53,0.0,0.0,5.0,2.0,0.0,2.0,0.0,2,160,0.0,0.0,0.0,29.8125,1.125,0.0,1.125,2.8125
Felix Kalu Nmecha,Borussia Dortmund,12,0.0,0.0,2.0,0.0,0.0,3.0,0.0,1,98,0.0,0.0,0.0,11.020408163265305,0.0,0.0,2.7551020408163263,1.8367346938775508
Felix Passlack,Bochum,14,0.0,0.0,1.0,0.0,0.0,0.0,0.0,1,14,0.0,0.0,0.0,90.0,0.0,0.0,0.0,6.428571428571428
Felix Uduokhai,Augsburg,73,0.0,0.0,4.0,3.0,0.0,5.0,0.0,2,184,0.0,0.0,0.0,35.70652173913043,1.467391304347826,0.0,2.4456521739130435,1.9565217391304348
Filip Stojilković,Darmstadt 98,3,0.0,0.0,0.0,0.0,0.0,0.0,0.0,1,92,0.0,0.0,0.0,2.934782608695652,0.0,0.0,0.0,0.0
Finn Dahmen,Augsburg,43,0.0,0.0,0.0,0.0,0.0,5.0,0.0,1,95,0.0,0.0,0.0,40.73684210526316,0.0,0.0,4.7368421052631575,0.0
Finn Ole Becker,Hoffenheim,38,0.0,1.0,1.0,0.0,0.0,8.0,0.0,1,77,0.0,0.0,1.168831168831169,44.41558441558441,0.0,0.0,9.350649350649352,1.168831168831169
Florent Muslija,Freiburg,20,0.0,0.0,1.0,0.0,0.0,2.0,0.0,1,93,0.0,0.0,0.0,19.35483870967742,0.0,0.0,1.935483870967742,0.967741935483871
Florian Grillitsch,Hoffenheim,39,0.0,0.0,7.0,1.0,0.0,3.0,0.0,1,95,0.0,0.0,0.0,36.94736842105263,0.9473684210526315,0.0,2.8421052631578947,6.63157894736842
Florian Kainz,FC Köln,31,0.0,0.0,2.0,0.0,2.0,1.0,0.0,1,91,0.0,0.0,0.0,30.65934065934066,0.0,1.978021978021978,0.989010989010989,1.978021978021978
Florian Neuhaus,Borussia Mönchengladbach,61,0.0,1.0,5.0,2.0,1.0,11.0,0.0,2,144,0.0,0.0,0.625,38.125,1.25,0.625,6.875000000000001,3.125
Florian Pick,FC Heidenheim,17,0.0,1.0,1.0,0.0,1.0,2.0,0.0,2,189,0.0,0.0,0.47619047619047616,8.095238095238095,0.0,0.47619047619047616,0.9523809523809523,0.47619047619047616
Florian Wirtz,Bayer Leverkusen,1841,11.0,71.0,69.0,16.0,121.0,161.0,10.0,32,2794,0.3543307086614173,0.3221188260558339,2.287043664996421,59.30207587687903,0.5153901216893343,3.8976377952755903,5.186113099498926,2.222619899785254
Franck Honorat,Borussia Mönchengladbach,71,0.0,1.0,1.0,0.0,4.0,2.0,0.0,2,147,0.0,0.0,0.6122448979591837,43.46938775510204,0.0,2.4489795918367347,1.2244897959183674,0.6122448979591837
Frederik Rønnow,Union Berlin,81,0.0,2.0,0.0,0.0,0.0,10.0,0.0,2,183,0.0,0.0,0.9836065573770492,39.83606557377049,0.0,0.0,4.918032786885246,0.0
Fredrik Jensen,Augsburg,21,0.0,0.0,4.0,2.0,2.0,8.0,0.0,1,79,0.0,0.0,0.0,23.92405063291139,2.278481012658228,2.278481012658228,9.113924050632912,4.556962025316456
Gerrit Holtmann,Darmstadt 98,27,0.0,1.0,2.0,0.0,7.0,8.0,0.0,1,64,0.0,0.0,1.40625,37.96875,0.0,9.84375,11.25,2.8125
Gonçalo Mendes Paciencia,Bochum,14,0.0,1.0,7.0,0.0,1.0,3.0,0.0,1,62,0.0,0.0,1.4516129032258065,20.32258064516129,0.0,1.4516129032258065,4.354838709677419,10.161290322580644
Granit Xhaka,Bayer Leverkusen,3299,3.0,44.0,69.0,18.0,19.0,191.0,0.0,33,2948,0.09158751696065129,0.0,1.3432835820895521,100.71573948439621,0.5495251017639078,0.5800542740841248,5.831071913161465,2.10651289009498
Grant-Leon Ranos,Borussia Mönchengladbach,6,0.0,1.0,1.0,0.0,0.0,3.0,0.0,1,91,0.0,0.0,0.989010989010989,5.934065934065934,0.0,0.0,2.967032967032967,0.989010989010989
Gregor Kobel,Borussia Dortmund,97,0.0,0.0,0.0,0.0,1.0,8.0,0.0,2,191,0.0,0.0,0.0,45.70680628272252,0.0,0.47120418848167545,3.7696335078534036,0.0
Grischa Prömel,Hoffenheim,64,0.0,1.0,3.0,1.0,1.0,4.0,0.0,2,188,0.0,0.0,0.4787234042553191,30.638297872340424,0.4787234042553191,0.4787234042553191,1.9148936170212765,1.4361702127659572
Gustavo Adolfo Puerta Molano,Bayer Leverkusen,43,0.0,2.0,5.0,1.0,1.0,2.0,0.0,7,645,0.0,0.0,0.27906976744186046,6.0,0.13953488372093023,0.13953488372093023,0.27906976744186046,0.6976744186046512
Harry Kane,Bayern Munich,29,1.0,3.0,1.0,0.0,2.0,4.0,0.0,2,176,0.5113636363636364,0.0,1.534090909090909,14.829545454545453,0.0,1.0227272727272727,2.0454545454545454,0.5113636363636364
Hiroki Ito,VfB Stuttgart,73,0.0,0.0,0.0,1.0,0.0,5.0,0.0,1,97,0.0,0.0,0.0,67.73195876288659,0.9278350515463918,0.0,4.639175257731958,0.0
Hrvoje Smolčić,Eintracht Frankfurt,20,0.0,0.0,2.0,1.0,1.0,1.0,0.0,1,95,0.0,0.0,0.0,18.94736842105263,0.9473684210526315,0.9473684210526315,0.9473684210526315,1.894736842105263
Hugo Ekitike,Eintracht Frankfurt,22,1.0,3.0,2.0,0.0,0.0,6.0,0.0,1,79,1.139240506329114,0.0,3.4177215189873418,25.063291139240505,0.0,0.0,6.8354430379746836,2.278481012658228
Hugo Larsson,Eintracht Frankfurt,69,0.0,0.0,3.0,1.0,0.0,4.0,0.0,2,166,0.0,0.0,0.0,37.40963855421687,0.5421686746987953,0.0,2.168674698795181,1.6265060240963856
Iago Amaral Borduchi,Augsburg,58,0.0,1.0,5.0,6.0,2.0,10.0,0.0,2,180,0.0,0.0,0.5,29.000000000000004,3.0,1.0,5.0,2.5
Ian Maatsen,Borussia Dortmund,27,0.0,0.0,1.0,0.0,0.0,3.0,0.0,1,45,0.0,0.0,0.0,54.0,0.0,0.0,6.0,2.0
Ignacio Ferri Julià,Eintracht Frankfurt,3,0.0,2.0,0.0,0.0,0.0,3.0,0.0,1,94,0.0,0.0,1.9148936170212765,2.8723404255319145,0.0,0.0,2.8723404255319145,0.0
Ihlas Bebou,Hoffenheim,16,0.0,0.0,1.0,0.0,3.0,2.0,0.0,2,190,0.0,0.0,0.0,7.578947368421052,0.0,1.4210526315789473,0.9473684210526315,0.47368421052631576
Ikoma Loïs Openda,RB Leipzig,33,2.0,6.0,4.0,1.0,4.0,13.0,0.0,2,165,1.0909090909090908,0.0,3.2727272727272725,18.0,0.5454545454545454,2.1818181818181817,7.09090909090909,2.1818181818181817
Isak Hansen-Aarøen,Werder Bremen,4,0.0,0.0,0.0,0.0,1.0,0.0,0.0,1,88,0.0,0.0,0.0,4.090909090909091,0.0,1.0227272727272727,0.0,0.0
Ivan Ordets,Bochum,12,0.0,0.0,1.0,2.0,0.0,2.0,0.0,1,92,0.0,0.0,0.0,11.739130434782608,1.9565217391304348,0.0,1.9565217391304348,0.9782608695652174
Jadon Sancho,Borussia Dortmund,25,0.0,0.0,0.0,0.0,3.0,3.0,0.0,1,68,0.0,0.0,0.0,33.08823529411765,0.0,3.9705882352941178,3.9705882352941178,0.0
Jae-Sung Lee,FSV Mainz 05,62,0.0,2.0,6.0,4.0,1.0,11.0,0.0,2,162,0.0,0.0,1.1111111111111112,34.44444444444444,2.2222222222222223,0.5555555555555556,6.111111111111111,3.333333333333333
Jakub Kamiński,Wolfsburg,3,0.0,0.0,1.0,0.0,0.0,0.0,0.0,1,93,0.0,0.0,0.0,2.903225806451613,0.0,0.0,0.0,0.967741935483871
Jamal Musiala,Bayern Munich,52,0.0,1.0,4.0,1.0,4.0,4.0,0.0,2,177,0.0,0.0,0.5084745762711864,26.440677966101696,0.5084745762711864,2.0338983050847457,2.0338983050847457,2.0338983050847457
Jamie Jermaine Bynoe-Gittens,Borussia Dortmund,30,0.0,3.0,4.0,0.0,4.0,9.0,0.0,2,146,0.0,0.0,1.8493150684931505,18.493150684931507,0.0,2.4657534246575343,5.547945205479452,2.4657534246575343
Jamie Leweling,VfB Stuttgart,33,0.0,1.0,0.0,1.0,0.0,4.0,0.0,2,179,0.0,0.0,0.5027932960893855,16.592178770949722,0.5027932960893855,0.0,2.011173184357542,0.0
Jan Schöppner,FC Heidenheim,16,0.0,0.0,5.0,0.0,1.0,0.0,0.0,1,62,0.0,0.0,0.0,23.225806451612904,0.0,1.4516129032258065,0.0,7.258064516129032
Jan Thielmann,FC Köln,2,0.0,0.0,1.0,0.0,0.0,1.0,0.0,1,11,0.0,0.0,0.0,16.363636363636363,0.0,0.0,8.181818181818182,8.181818181818182
Jan-Niklas Beste,FC Heidenheim,43,0.0,0.0,11.0,0.0,4.0,5.0,1.0,2,156,0.0,0.5769230769230769,0.0,24.80769230769231,0.0,2.3076923076923075,2.884615384615384,6.346153846153846
Janik Haberer,Union Berlin,26,0.0,1.0,2.0,0.0,3.0,3.0,0.0,1,91,0.0,0.0,0.989010989010989,25.71428571428571,0.0,2.967032967032967,2.967032967032967,1.978021978021978
Janis Blaswich,RB Leipzig,108,0.0,0.0,0.0,0.0,0.0,9.0,0.0,2,189,0.0,0.0,0.0,51.42857142857142,0.0,0.0,4.285714285714286,0.0
Jean-Eric Maxim Choupo-Moting,Bayern Munich,3,0.0,0.0,2.0,0.0,2.0,0.0,0.0,2,190,0.0,0.0,0.0,1.4210526315789473,0.0,0.9473684210526315,0.0,0.9473684210526315
Jean-Mattéo Bahoya Négoce,Eintracht Frankfurt,8,0.0,0.0,1.0,0.0,0.0,0.0,0.0,1,92,0.0,0.0,0.0,7.826086956521739,0.0,0.0,0.0,0.9782608695652174
Jeffrey Gouweleeuw,Augsburg,78,0.0,0.0,5.0,3.0,1.0,5.0,0.0,2,185,0.0,0.0,0.0,37.94594594594595,1.4594594594594597,0.4864864864864865,2.4324324324324325,2.4324324324324325
Jens Petter Hauge,Eintracht Frankfurt,11,0.0,0.0,0.0,0.0,0.0,0.0,0.0,1,93,0.0,0.0,0.0,10.645161290322582,0.0,0.0,0.0,0.0
Jens Stage,Werder Bremen,35,0.0,0.0,1.0,0.0,0.0,4.0,0.0,1,91,0.0,0.0,0.0,34.61538461538462,0.0,0.0,3.956043956043956,0.989010989010989
Jeremie Frimpong,Bayer Leverkusen,1038,9.0,56.0,45.0,15.0,83.0,111.0,7.0,31,2546,0.31814611154752553,0.2474469756480754,1.9795758051846033,36.69285153181461,0.5302435192458759,2.93401413982718,3.9238020424194815,1.5907305577376278
Joakim Mæhle,Wolfsburg,35,0.0,0.0,3.0,1.0,0.0,1.0,0.0,1,93,0.0,0.0,0.0,33.87096774193548,0.967741935483871,0.0,0.967741935483871,2.903225806451613
Jonas Föhrenbach,FC Heidenheim,90,0.0,0.0,3.0,4.0,1.0,5.0,0.0,2,189,0.0,0.0,0.0,42.857142857142854,1.9047619047619047,0.47619047619047616,2.380952380952381,1.4285714285714284
Jonas Hofmann,Bayer Leverkusen,1528,4.0,62.0,30.0,9.0,26.0,92.0,7.0,32,2685,0.1340782122905028,0.23463687150837986,2.078212290502793,51.21787709497206,0.3016759776536313,0.8715083798882681,3.083798882681564,1.005586592178771
Jonas Older Wind,Wolfsburg,21,0.0,6.0,3.0,1.0,2.0,5.0,0.0,2,124,0.0,0.0,4.354838709677419,15.241935483870966,0.7258064516129032,1.4516129032258065,3.629032258064516,2.1774193548387095
Jonas Omlin,Borussia Mönchengladbach,38,0.0,0.0,0.0,0.0,0.0,9.0,0.0,1,92,0.0,0.0,0.0,37.17391304347826,0.0,0.0,8.804347826086957,0.0
Jonathan Tah,Bayer Leverkusen,2167,4.0,26.0,56.0,20.0,7.0,115.0,1.0,31,2764,0.13024602026049203,0.03256150506512301,0.8465991316931983,70.56078147612156,0.6512301013024602,0.22793053545586106,3.744573082489146,1.8234442836468885
Joseph Scally,Borussia Mönchengladbach,64,0.0,1.0,3.0,3.0,1.0,5.0,0.0,2,184,0.0,0.0,0.4891304347826087,31.304347826086957,1.467391304347826,0.4891304347826087,2.4456521739130435,1.467391304347826
Josha Mamadou Karaboue Vagnoman,VfB Stuttgart,42,0.0,1.0,5.0,1.0,0.0,4.0,1.0,1,84,0.0,1.0714285714285714,1.0714285714285714,45.0,1.0714285714285714,0.0,4.285714285714286,5.357142857142857
Joshua Kimmich,Bayern Munich,111,0.0,1.0,5.0,0.0,0.0,3.0,0.0,2,154,0.0,0.0,0.5844155844155845,64.87012987012987,0.0,0.0,1.7532467532467533,2.922077922077922
Josip Juranović,Union Berlin,45,0.0,0.0,3.0,3.0,1.0,0.0,0.0,2,142,0.0,0.0,0.0,28.521126760563384,1.9014084507042253,0.6338028169014085,0.0,1.9014084507042253
Josip Stanišić,Bayer Leverkusen,1072,3.0,10.0,46.0,11.0,16.0,80.0,1.0,20,1848,0.14610389610389612,0.048701298701298704,0.487012987012987,52.20779220779221,0.5357142857142857,0.7792207792207793,3.896103896103896,2.24025974025974
Josuha Guilavogui,FSV Mainz 05,24,0.0,0.0,1.0,1.0,0.0,4.0,0.0,1,92,0.0,0.0,0.0,23.478260869565215,0.9782608695652174,0.0,3.9130434782608696,0.9782608695652174
Julian Brandt,Borussia Dortmund,74,0.0,2.0,7.0,2.0,1.0,8.0,0.0,2,174,0.0,0.0,1.0344827586206897,38.275862068965516,1.0344827586206897,0.5172413793103449,4.137931034482759,3.6206896551724137
Julian Chabot,FC Köln,83,0.0,2.0,3.0,4.0,0.0,8.0,0.0,2,184,0.0,0.0,0.9782608695652174,40.59782608695652,1.9565217391304348,0.0,3.9130434782608696,1.467391304347826
Julian Ryerson,Borussia Dortmund,70,1.0,2.0,9.0,4.0,3.0,15.0,0.0,2,187,0.48128342245989303,0.0,0.9625668449197861,33.68983957219251,1.9251336898395721,1.4438502673796794,7.219251336898396,4.331550802139037
Julian Weigl,Borussia Mönchengladbach,97,0.0,0.0,6.0,4.0,1.0,4.0,0.0,2,183,0.0,0.0,0.0,47.704918032786885,1.9672131147540983,0.4918032786885246,1.9672131147540983,2.9508196721311477
Julien Duranville,Borussia Dortmund,2,0.0,0.0,0.0,0.0,1.0,0.0,0.0,1,96,0.0,0.0,0.0,1.875,0.0,0.9375,0.0,0.0
Julián Malatini,Werder Bremen,59,0.0,1.0,4.0,2.0,0.0,7.0,0.0,1,87,0.0,0.0,1.0344827586206897,61.03448275862068,2.0689655172413794,0.0,7.241379310344827,4.137931034482759
Junior Castello Lukeba,RB Leipzig,88,0.0,0.0,2.0,0.0,1.0,2.0,0.0,2,189,0.0,0.0,0.0,41.904761904761905,0.0,0.47619047619047616,0.9523809523809523,0.9523809523809523
Junior Chukwubuike Adamu,Freiburg,4,0.0,0.0,0.0,0.0,0.0,0.0,0.0,1,92,0.0,0.0,0.0,3.9130434782608696,0.0,0.0,0.0,0.0
Justin Gideon Njinmah,Werder Bremen,5,0.0,1.0,0.0,2.0,1.0,0.0,0.0,1,91,0.0,0.0,0.989010989010989,4.945054945054945,1.978021978021978,0.989010989010989,0.0,0.0
Jérôme Roussillon,Union Berlin,25,0.0,0.0,3.0,0.0,0.0,0.0,0.0,1,77,0.0,0.0,0.0,29.22077922077922,0.0,0.0,0.0,3.5064935064935066
Karim Onisiwo,FSV Mainz 05,36,0.0,4.0,14.0,0.0,4.0,3.0,0.0,2,165,0.0,0.0,2.1818181818181817,19.636363636363637,0.0,2.1818181818181817,1.6363636363636362,7.636363636363637
Karim-David Adeyemi,Borussia Dortmund,4,0.0,0.0,2.0,0.0,3.0,1.0,0.0,1,93,0.0,0.0,0.0,3.870967741935484,0.0,2.903225806451613,0.967741935483871,1.935483870967742
Keven Schlotterbeck,Bochum,67,0.0,0.0,11.0,3.0,2.0,6.0,0.0,2,184,0.0,0.0,0.0,32.77173913043478,1.467391304347826,0.9782608695652174,2.934782608695652,5.380434782608696
Kevin Akpoguma,Hoffenheim,54,0.0,0.0,2.0,1.0,0.0,2.0,0.0,1,87,0.0,0.0,0.0,55.862068965517246,1.0344827586206897,0.0,2.0689655172413794,2.0689655172413794
Kevin Behrens,Union Berlin,5,0.0,0.0,0.0,0.0,0.0,0.0,0.0,1,91,0.0,0.0,0.0,4.945054945054945,0.0,0.0,0.0,0.0
Kevin Behrens,Wolfsburg,2,0.0,0.0,0.0,0.0,0.0,0.0,0.0,1,88,0.0,0.0,0.0,2.0454545454545454,0.0,0.0,0.0,0.0
Kevin Kampl,RB Leipzig,33,0.0,0.0,1.0,2.0,0.0,2.0,0.0,2,187,0.0,0.0,0.0,15.882352941176471,0.9625668449197861,0.0,0.9625668449197861,0.48128342245989303
Kevin Mbabu,Augsburg,19,0.0,0.0,6.0,1.0,0.0,1.0,0.0,1,92,0.0,0.0,0.0,18.58695652173913,0.9782608695652174,0.0,0.9782608695652174,5.869565217391304
Kevin Müller,FC Heidenheim,80,0.0,0.0,1.0,0.0,0.0,7.0,0.0,2,186,0.0,0.0,0.0,38.70967741935484,0.0,0.0,3.3870967741935485,0.4838709677419355
Kevin Paredes,Wolfsburg,37,0.0,2.0,5.0,6.0,1.0,6.0,0.0,2,181,0.0,0.0,0.9944751381215469,18.39779005524862,2.983425414364641,0.49723756906077343,2.983425414364641,2.4861878453038675
Kevin Sessa,FC Heidenheim,23,0.0,0.0,0.0,1.0,0.0,1.0,0.0,2,189,0.0,0.0,0.0,10.952380952380953,0.47619047619047616,0.0,0.47619047619047616,0.0
Kevin Stöger,Bochum,64,0.0,1.0,4.0,3.0,1.0,6.0,0.0,1,93,0.0,0.0,0.967741935483871,61.935483870967744,2.903225806451613,0.967741935483871,5.806451612903226,3.870967741935484
Kevin Trapp,Eintracht Frankfurt,77,0.0,0.0,0.0,0.0,0.0,9.0,0.0,2,185,0.0,0.0,0.0,37.45945945945946,0.0,0.0,4.378378378378379,0.0
Kevin Vogt,Hoffenheim,84,0.0,0.0,0.0,3.0,0.0,3.0,0.0,1,94,0.0,0.0,0.0,80.42553191489361,2.8723404255319145,0.0,2.8723404255319145,0.0
Kevin Vogt,Union Berlin,43,0.0,0.0,0.0,0.0,0.0,3.0,0.0,1,91,0.0,0.0,0.0,42.527472527472526,0.0,0.0,2.967032967032967,0.0
Kiliann Sildillia,Freiburg,86,0.0,2.0,15.0,1.0,4.0,11.0,0.0,2,186,0.0,0.0,0.967741935483871,41.61290322580645,0.4838709677419355,1.935483870967742,5.322580645161291,7.258064516129032
Ko Itakura,Borussia Mönchengladbach,42,0.0,1.0,2.0,2.0,0.0,0.0,0.0,1,87,0.0,0.0,1.0344827586206897,43.44827586206897,2.0689655172413794,0.0,0.0,2.0689655172413794
Koen Casteels,Wolfsburg,42,0.0,0.0,0.0,0.0,0.0,5.0,0.0,1,87,0.0,0.0,0.0,43.44827586206897,0.0,0.0,5.172413793103448,0.0
Konrad Laimer,Bayern Munich,61,0.0,2.0,6.0,3.0,0.0,7.0,0.0,1,84,0.0,0.0,2.142857142857143,65.35714285714286,3.214285714285714,0.0,7.5,6.428571428571428
Kouadio Emmanuel Koné,Borussia Mönchengladbach,32,0.0,1.0,2.0,2.0,2.0,5.0,0.0,1,78,0.0,0.0,1.1538461538461537,36.92307692307692,2.3076923076923075,2.3076923076923075,5.769230769230768,2.3076923076923075
Leandro Barreiro Martins,FSV Mainz 05,71,0.0,2.0,7.0,3.0,0.0,7.0,0.0,2,186,0.0,0.0,0.967741935483871,34.354838709677416,1.4516129032258065,0.0,3.3870967741935485,3.3870967741935485
Leart Paqarada,FC Köln,62,0.0,0.0,1.0,1.0,2.0,4.0,0.0,2,182,0.0,0.0,0.0,30.65934065934066,0.4945054945054945,0.989010989010989,1.978021978021978,0.4945054945054945
Lennard Maloney,FC Heidenheim,85,0.0,0.0,10.0,4.0,1.0,10.0,0.0,2,189,0.0,0.0,0.0,40.476190476190474,1.9047619047619047,0.47619047619047616,4.761904761904762,4.761904761904762
Leon Goretzka,Bayern Munich,110,1.0,4.0,1.0,1.0,0.0,5.0,0.0,2,167,0.5389221556886228,0.0,2.155688622754491,59.2814371257485,0.5389221556886228,0.0,2.694610778443114,0.5389221556886228
Leonardo Bittencourt,Werder Bremen,99,0.0,2.0,4.0,3.0,3.0,10.0,0.0,2,147,0.0,0.0,1.2244897959183674,60.61224489795918,1.8367346938775508,1.8367346938775508,6.122448979591837,2.4489795918367347
Leonardo Bonucci,Union Berlin,9,0.0,0.0,2.0,0.0,0.0,1.0,0.0,1,23,0.0,0.0,0.0,35.21739130434783,0.0,0.0,3.9130434782608696,7.826086956521739
Leonidas Stergiou,VfB Stuttgart,37,0.0,1.0,3.0,1.0,0.0,1.0,0.0,2,174,0.0,0.0,0.5172413793103449,19.137931034482758,0.5172413793103449,0.0,0.5172413793103449,1.5517241379310345
Leroy Sané,Bayern Munich,107,0.0,3.0,4.0,0.0,10.0,14.0,0.0,2,190,0.0,0.0,1.4210526315789473,50.68421052631579,0.0,4.7368421052631575,6.63157894736842,1.894736842105263
Linton Maina,FC Köln,10,0.0,0.0,0.0,0.0,2.0,1.0,0.0,1,82,0.0,0.0,0.0,10.97560975609756,0.0,2.1951219512195124,1.0975609756097562,0.0
Lovro Majer,Wolfsburg,39,0.0,1.0,5.0,2.0,1.0,2.0,0.0,2,156,0.0,0.0,0.5769230769230769,22.5,1.1538461538461537,0.5769230769230769,1.1538461538461537,2.884615384615384
Luca Jannis Kilian,FC Köln,1,0.0,0.0,0.0,0.0,0.0,1.0,0.0,1,93,0.0,0.0,0.0,0.967741935483871,0.0,0.0,0.967741935483871,0.0
Luca Netz,Borussia Mönchengladbach,39,0.0,1.0,3.0,1.0,0.0,4.0,0.0,1,92,0.0,0.0,0.9782608695652174,38.15217391304348,0.9782608695652174,0.0,3.9130434782608696,2.934782608695652
Luca Pfeiffer,Darmstadt 98,39,0.0,3.0,10.0,0.0,0.0,6.0,0.0,2,185,0.0,0.0,1.4594594594594597,18.972972972972975,0.0,0.0,2.9189189189189193,4.864864864864865
Lucas Höler,Freiburg,59,0.0,3.0,14.0,2.0,2.0,13.0,1.0,2,168,0.0,0.5357142857142857,1.607142857142857,31.607142857142854,1.0714285714285714,1.0714285714285714,6.964285714285714,7.5
Lucas Silva Melo,Eintracht Frankfurt,127,0.0,1.0,13.0,5.0,2.0,9.0,0.0,2,189,0.0,0.0,0.47619047619047616,60.476190476190474,2.380952380952381,0.9523809523809523,4.285714285714286,6.19047619047619
Lucas Tousart,Union Berlin,22,0.0,0.0,4.0,4.0,3.0,6.0,0.0,1,93,0.0,0.0,0.0,21.290322580645164,3.870967741935484,2.903225806451613,5.806451612903226,3.870967741935484
Ludovic Ajorque,FSV Mainz 05,9,0.0,0.0,2.0,0.0,0.0,1.0,0.0,1,93,0.0,0.0,0.0,8.709677419354838,0.0,0.0,0.967741935483871,1.935483870967742
Lukas Daschner,Bochum,10,0.0,0.0,5.0,0.0,1.0,0.0,0.0,1,93,0.0,0.0,0.0,9.67741935483871,0.0,0.967741935483871,0.0,4.838709677419355
Lukas Klostermann,RB Leipzig,40,0.0,0.0,5.0,4.0,0.0,3.0,0.0,1,94,0.0,0.0,0.0,38.297872340425535,3.829787234042553,0.0,2.8723404255319145,4.787234042553192
Lukas Kübler,Freiburg,28,0.0,1.0,0.0,4.0,0.0,4.0,0.0,1,95,0.0,0.0,0.9473684210526315,26.52631578947368,3.789473684210526,0.0,3.789473684210526,0.0
Lukas Ullrich,Borussia Mönchengladbach,2,0.0,0.0,0.0,0.0,0.0,0.0,0.0,1,92,0.0,0.0,0.0,1.9565217391304348,0.0,0.0,0.0,0.0
Lukáš Hrádecký,Bayer Leverkusen,882,0.0,0.0,0.0,0.0,0.0,116.0,0.0,33,3043,0.0,0.0,0.0,26.08609924416694,0.0,0.0,3.430824843904042,0.0
Mads Pedersen,Augsburg,51,0.0,0.0,7.0,3.0,1.0,2.0,0.0,1,93,0.0,0.0,0.0,49.354838709677416,2.903225806451613,0.967741935483871,1.935483870967742,6.774193548387097
Mahmoud Dahoud,VfB Stuttgart,10,0.0,0.0,2.0,0.0,1.0,1.0,0.0,1,93,0.0,0.0,0.0,9.67741935483871,0.0,0.967741935483871,0.967741935483871,1.935483870967742
Mahmut Kücüksahin,Augsburg,4,0.0,0.0,0.0,0.0,0.0,0.0,0.0,1,93,0.0,0.0,0.0,3.870967741935484,0.0,0.0,0.0,0.0
Manuel Gulde,Freiburg,62,1.0,2.0,6.0,2.0,0.0,3.0,0.0,2,188,0.4787234042553191,0.0,0.9574468085106382,29.680851063829785,0.9574468085106382,0.0,1.4361702127659572,2.8723404255319145
Manuel Neuer,Bayern Munich,36,0.0,0.0,1.0,0.0,0.0,7.0,0.0,1,94,0.0,0.0,0.0,34.46808510638298,0.0,0.0,6.702127659574468,0.9574468085106382
Manuel Riemann,Bochum,109,0.0,0.0,0.0,0.0,0.0,11.0,0.0,2,186,0.0,0.0,0.0,52.74193548387097,0.0,0.0,5.322580645161291,0.0
Marcel Sabitzer,Borussia Dortmund,56,0.0,2.0,6.0,2.0,0.0,7.0,1.0,2,180,0.0,0.5,1.0,28.0,1.0,0.0,3.5,3.0
Marcel Schuhen,Darmstadt 98,73,0.0,0.0,0.0,0.0,0.0,6.0,0.0,2,185,0.0,0.0,0.0,35.513513513513516,0.0,0.0,2.9189189189189193,0.0
Marco Friedl,Werder Bremen,49,0.0,0.0,2.0,1.0,0.0,9.0,0.0,1,92,0.0,0.0,0.0,47.934782608695656,0.9782608695652174,0.0,8.804347826086957,1.9565217391304348
Marco Reus,Borussia Dortmund,25,0.0,0.0,4.0,1.0,0.0,3.0,0.0,2,179,0.0,0.0,0.0,12.569832402234637,0.5027932960893855,0.0,1.5083798882681565,2.011173184357542
Marco Richter,FSV Mainz 05,7,0.0,0.0,0.0,0.0,0.0,2.0,0.0,1,93,0.0,0.0,0.0,6.774193548387097,0.0,0.0,1.935483870967742,0.0
Mario Götze,Eintracht Frankfurt,110,0.0,2.0,6.0,4.0,0.0,8.0,0.0,2,157,0.0,0.0,1.1464968152866242,63.05732484076433,2.2929936305732483,0.0,4.585987261146497,3.4394904458598723
Marius Bülter,Hoffenheim,51,0.0,1.0,2.0,1.0,1.0,3.0,0.0,2,187,0.0,0.0,0.48128342245989303,24.545454545454543,0.48128342245989303,0.48128342245989303,1.4438502673796794,0.9625668449197861
Marius Wolf,Borussia Dortmund,82,0.0,1.0,5.0,2.0,2.0,6.0,0.0,2,192,0.0,0.0,0.46875,38.4375,0.9375,0.9375,2.8125,2.34375
Marnon Busch,FC Heidenheim,16,0.0,0.0,1.0,0.0,0.0,0.0,0.0,1,94,0.0,0.0,0.0,15.319148936170212,0.0,0.0,0.0,0.9574468085106382
Marvin Ducksch,Werder Bremen,55,0.0,0.0,1.0,0.0,0.0,3.0,0.0,2,181,0.0,0.0,0.0,27.34806629834254,0.0,0.0,1.4917127071823204,0.49723756906077343
Marvin Friedrich,Borussia Mönchengladbach,80,0.0,4.0,3.0,2.0,0.0,5.0,0.0,2,185,0.0,0.0,1.945945945945946,38.91891891891892,0.972972972972973,0.0,2.4324324324324325,1.4594594594594597
Marvin Mehlem,Darmstadt 98,43,0.0,0.0,6.0,9.0,0.0,6.0,0.0,2,161,0.0,0.0,0.0,24.03726708074534,5.031055900621118,0.0,3.3540372670807455,3.3540372670807455
Marvin Pieringer,FC Heidenheim,10,0.0,0.0,3.0,0.0,2.0,1.0,0.0,2,189,0.0,0.0,0.0,4.761904761904762,0.0,0.9523809523809523,0.47619047619047616,1.4285714285714284
Marvin Schwäbe,FC Köln,79,0.0,0.0,0.0,0.0,0.0,7.0,0.0,2,184,0.0,0.0,0.0,38.641304347826086,0.0,0.0,3.423913043478261,0.0
Matej Maglica,Darmstadt 98,49,0.0,0.0,4.0,4.0,0.0,3.0,0.0,2,174,0.0,0.0,0.0,25.344827586206897,2.0689655172413794,0.0,1.5517241379310345,2.0689655172413794
Mathias Flaga Olesen,FC Köln,12,0.0,0.0,0.0,0.0,0.0,0.0,0.0,1,89,0.0,0.0,0.0,12.134831460674157,0.0,0.0,0.0,0.0
Mathys Tel,Bayern Munich,23,0.0,2.0,1.0,0.0,4.0,5.0,1.0,2,190,0.0,0.47368421052631576,0.9473684210526315,10.894736842105264,0.0,1.894736842105263,2.3684210526315788,0.47368421052631576
Mats Hummels,Borussia Dortmund,104,0.0,0.0,13.0,5.0,0.0,6.0,0.0,2,191,0.0,0.0,0.0,49.005235602094245,2.356020942408377,0.0,2.827225130890052,6.125654450261781
Matthias Bader,Darmstadt 98,79,0.0,0.0,13.0,2.0,2.0,12.0,0.0,2,186,0.0,0.0,0.0,38.225806451612904,0.967741935483871,0.967741935483871,5.806451612903226,6.290322580645161
Matthias Ginter,Freiburg,65,0.0,0.0,5.0,0.0,0.0,5.0,0.0,2,154,0.0,0.0,0.0,37.98701298701298,0.0,0.0,2.922077922077922,2.922077922077922
Matthijs de Ligt,Bayern Munich,2,0.0,0.0,0.0,0.0,0.0,0.0,0.0,1,96,0.0,0.0,0.0,1.875,0.0,0.0,0.0,0.0
Mattias Svanberg,Wolfsburg,31,0.0,3.0,1.0,1.0,1.0,7.0,0.0,1,70,0.0,0.0,3.857142857142857,39.857142857142854,1.2857142857142856,1.2857142857142856,9.0,1.2857142857142856
Matúš Bero,Bochum,38,0.0,2.0,3.0,2.0,0.0,8.0,0.0,2,180,0.0,0.0,1.0,19.0,1.0,0.0,4.0,1.5
Matěj Kovář,Bayer Leverkusen,17,0.0,0.0,0.0,0.0,0.0,2.0,0.0,1,93,0.0,0.0,0.0,16.451612903225808,0.0,0.0,1.935483870967742,0.0
Max Finkgräfe,FC Köln,37,0.0,1.0,4.0,0.0,3.0,4.0,0.0,2,183,0.0,0.0,0.4918032786885246,18.19672131147541,0.0,1.4754098360655739,1.9672131147540983,1.9672131147540983
Maxence Lacroix,Wolfsburg,95,1.0,1.0,5.0,7.0,1.0,5.0,0.0,2,182,0.4945054945054945,0.0,0.4945054945054945,46.97802197802198,3.4615384615384617,0.4945054945054945,2.4725274725274726,2.4725274725274726
Maximilian Arnold,Wolfsburg,96,0.0,1.0,3.0,7.0,0.0,16.0,0.0,2,181,0.0,0.0,0.49723756906077343,47.73480662983425,3.480662983425414,0.0,7.955801104972375,1.4917127071823204
Maximilian Beier,Hoffenheim,33,1.0,6.0,5.0,2.0,5.0,4.0,0.0,2,157,0.5732484076433121,0.0,3.4394904458598723,18.9171974522293,1.1464968152866242,2.8662420382165603,2.2929936305732483,2.8662420382165603
Maximilian Eggestein,Freiburg,14,0.0,0.0,2.0,1.0,1.0,4.0,0.0,1,66,0.0,0.0,0.0,19.09090909090909,1.3636363636363638,1.3636363636363638,5.454545454545455,2.7272727272727275
Maximilian Mittelstädt,VfB Stuttgart,111,0.0,1.0,13.0,8.0,2.0,3.0,0.0,2,172,0.0,0.0,0.5232558139534884,58.08139534883721,4.186046511627907,1.0465116279069768,1.569767441860465,6.8023255813953485
Maximilian Philipp,Freiburg,3,0.0,0.0,0.0,0.0,0.0,1.0,0.0,1,89,0.0,0.0,0.0,3.033707865168539,0.0,0.0,1.0112359550561798,0.0
Maximilian Wittek,Bochum,18,0.0,0.0,8.0,1.0,0.0,4.0,0.0,1,93,0.0,0.0,0.0,17.419354838709676,0.967741935483871,0.0,3.870967741935484,7.741935483870968
Maximilian Wöber,Borussia Mönchengladbach,56,0.0,0.0,6.0,4.0,0.0,1.0,0.0,1,91,0.0,0.0,0.0,55.38461538461539,3.956043956043956,0.0,0.989010989010989,5.934065934065934
Merlin Röhl,Freiburg,30,0.0,3.0,8.0,1.0,1.0,7.0,0.0,2,155,0.0,0.0,1.7419354838709677,17.419354838709676,0.5806451612903226,0.5806451612903226,4.064516129032258,4.645161290322581
Mert Kömür,Augsburg,17,1.0,1.0,2.0,0.0,2.0,3.0,0.0,1,73,1.2328767123287672,0.0,1.2328767123287672,20.95890410958904,0.0,2.4657534246575343,3.698630136986301,2.4657534246575343
Michael Gregoritsch,Freiburg,6,0.0,3.0,4.0,0.0,0.0,1.0,0.0,2,187,0.0,0.0,1.4438502673796794,2.8877005347593587,0.0,0.0,0.48128342245989303,1.9251336898395721
Michael Zetterer,Werder Bremen,90,0.0,0.0,0.0,0.0,0.0,8.0,0.0,2,181,0.0,0.0,0.0,44.751381215469614,0.0,0.0,3.9779005524861875,0.0
Mikkel Kaufmann,Union Berlin,6,0.0,0.0,7.0,0.0,0.0,1.0,0.0,1,94,0.0,0.0,0.0,5.744680851063829,0.0,0.0,0.9574468085106382,6.702127659574468
Milos Veljkovic,Werder Bremen,125,0.0,0.0,6.0,3.0,1.0,2.0,0.0,2,179,0.0,0.0,0.0,62.849162011173185,1.5083798882681565,0.5027932960893855,1.005586592178771,3.016759776536313
Min Jae Kim,Bayern Munich,178,0.0,1.0,8.0,5.0,0.0,8.0,0.0,2,186,0.0,0.0,0.4838709677419355,86.12903225806451,2.4193548387096775,0.0,3.870967741935484,3.870967741935484
Mitchell Weiser,Werder Bremen,84,0.0,1.0,4.0,1.0,4.0,6.0,0.0,2,181,0.0,0.0,0.49723756906077343,41.76795580110497,0.49723756906077343,1.9889502762430937,2.983425414364641,1.9889502762430937
Mohamed Simakan,RB Leipzig,129,0.0,2.0,8.0,4.0,1.0,4.0,1.0,2,169,0.0,0.5325443786982248,1.0650887573964496,68.69822485207101,2.130177514792899,0.5325443786982248,2.130177514792899,4.260355029585798
Moritz Broschinski,Bochum,8,0.0,0.0,4.0,2.0,1.0,0.0,0.0,1,92,0.0,0.0,0.0,7.826086956521739,1.9565217391304348,0.9782608695652174,0.0,3.9130434782608696
Moritz Jenz,Wolfsburg,74,0.0,0.0,3.0,2.0,1.0,4.0,1.0,2,121,0.0,0.743801652892562,0.0,55.04132231404958,1.487603305785124,0.743801652892562,2.975206611570248,2.231404958677686
Moritz Nicolas,Borussia Mönchengladbach,37,0.0,0.0,0.0,0.0,0.0,1.0,0.0,1,94,0.0,0.0,0.0,35.42553191489362,0.0,0.0,0.9574468085106382,0.0
Mërgim Berisha,Hoffenheim,1,0.0,0.0,1.0,0.0,0.0,0.0,0.0,1,93,0.0,0.0,0.0,0.967741935483871,0.0,0.0,0.0,0.967741935483871
Nadiem Amiri,Bayer Leverkusen,98,0.0,3.0,2.0,2.0,3.0,4.0,0.0,8,719,0.0,0.0,0.37552155771905427,12.267037552155774,0.25034770514603616,0.37552155771905427,0.5006954102920723,0.25034770514603616
Nadiem Amiri,FSV Mainz 05,57,0.0,1.0,0.0,1.0,2.0,10.0,0.0,1,93,0.0,0.0,0.967741935483871,55.16129032258065,0.967741935483871,1.935483870967742,9.67741935483871,0.0
Nathan Ngoumou Minpole,Borussia Mönchengladbach,27,0.0,0.0,6.0,1.0,0.0,7.0,0.0,2,160,0.0,0.0,0.0,15.187500000000002,0.5625,0.0,3.9374999999999996,3.375
Nathan Tella,Bayer Leverkusen,342,5.0,21.0,32.0,5.0,33.0,44.0,2.0,24,2074,0.21697203471552556,0.08678881388621022,0.9112825458052073,14.840887174541948,0.21697203471552556,1.4320154291224687,1.9093539054966249,1.3886210221793636
Nick Woltemade,Werder Bremen,24,0.0,1.0,4.0,0.0,4.0,10.0,0.0,2,160,0.0,0.0,0.5625,13.5,0.0,2.25,5.625,2.25
Niclas Füllkrug,Borussia Dortmund,47,1.0,3.0,12.0,1.0,0.0,4.0,1.0,2,192,0.46875,0.46875,1.40625,22.03125,0.46875,0.0,1.875,5.625
Nico Elvedi,Borussia Mönchengladbach,35,0.0,0.0,4.0,6.0,0.0,3.0,0.0,1,93,0.0,0.0,0.0,33.87096774193548,5.806451612903226,0.0,2.903225806451613,3.870967741935484
Nico Schlotterbeck,Borussia Dortmund,115,0.0,0.0,8.0,2.0,0.0,6.0,0.0,2,161,0.0,0.0,0.0,64.28571428571429,1.1180124223602483,0.0,3.3540372670807455,4.472049689440993
Nicolas Höfler,Freiburg,62,0.0,1.0,10.0,1.0,0.0,9.0,0.0,2,187,0.0,0.0,0.48128342245989303,29.83957219251337,0.48128342245989303,0.0,4.331550802139037,4.81283422459893
Nicolas Seiwald,RB Leipzig,64,0.0,0.0,3.0,3.0,1.0,7.0,0.0,2,135,0.0,0.0,0.0,42.66666666666667,2.0,0.6666666666666667,4.666666666666667,2.0
Niels Nkounkou,Eintracht Frankfurt,81,0.0,0.0,10.0,6.0,5.0,5.0,0.0,2,162,0.0,0.0,0.0,45.0,3.333333333333333,2.7777777777777777,2.7777777777777777,5.555555555555555
Niklas Dorsch,Augsburg,72,0.0,1.0,3.0,2.0,1.0,11.0,0.0,2,182,0.0,0.0,0.4945054945054945,35.604395604395606,0.989010989010989,0.4945054945054945,5.43956043956044,1.4835164835164836
Niklas Stark,Werder Bremen,6,0.0,0.0,1.0,1.0,0.0,0.0,0.0,1,91,0.0,0.0,0.0,5.934065934065934,0.989010989010989,0.0,0.0,0.989010989010989
Nikola Dovedan,FC Heidenheim,38,0.0,1.0,7.0,0.0,4.0,12.0,1.0,2,152,0.0,0.5921052631578947,0.5921052631578947,22.5,0.0,2.3684210526315788,7.105263157894736,4.144736842105263
Noah Atubolu,Freiburg,61,0.0,0.0,0.0,0.0,0.0,11.0,0.0,2,186,0.0,0.0,0.0,29.516129032258064,0.0,0.0,5.322580645161291,0.0
Noah Loosli,Bochum,12,0.0,0.0,2.0,0.0,0.0,1.0,0.0,1,89,0.0,0.0,0.0,12.134831460674157,0.0,0.0,1.0112359550561798,2.0224719101123596
Noah Mbamba,Bayer Leverkusen,19,0.0,1.0,2.0,0.0,2.0,3.0,1.0,3,277,0.0,0.3249097472924188,0.3249097472924188,6.173285198555957,0.0,0.6498194945848376,0.9747292418772563,0.6498194945848376
Noah Weißhaupt,Freiburg,6,0.0,0.0,1.0,0.0,0.0,2.0,0.0,1,94,0.0,0.0,0.0,5.744680851063829,0.0,0.0,1.9148936170212765,0.9574468085106382
Norman Theuerkauf,FC Heidenheim,14,0.0,0.0,2.0,1.0,0.0,0.0,0.0,1,69,0.0,0.0,0.0,18.26086956521739,1.3043478260869565,0.0,0.0,2.608695652173913
Noussair Mazraoui,Bayern Munich,80,0.0,1.0,7.0,4.0,3.0,5.0,0.0,2,177,0.0,0.0,0.5084745762711864,40.67796610169491,2.0338983050847457,1.5254237288135593,2.542372881355932,3.5593220338983054
Odilon Kossonou,Bayer Leverkusen,1422,1.0,5.0,55.0,28.0,25.0,110.0,0.0,22,1950,0.046153846153846156,0.0,0.23076923076923078,65.63076923076923,1.2923076923076924,1.1538461538461537,5.076923076923077,2.5384615384615383
Oliver Baumann,Hoffenheim,92,0.0,0.0,0.0,0.0,0.0,6.0,0.0,2,190,0.0,0.0,0.0,43.578947368421055,0.0,0.0,2.8421052631578947,0.0
Olivier Deman,Werder Bremen,40,0.0,1.0,3.0,1.0,1.0,6.0,0.0,2,144,0.0,0.0,0.625,25.0,0.625,0.625,3.75,1.875
Omar Haktab Traorè,FC Heidenheim,89,0.0,1.0,6.0,2.0,4.0,12.0,0.0,2,187,0.0,0.0,0.48128342245989303,42.83422459893048,0.9625668449197861,1.9251336898395721,5.7754010695187175,2.8877005347593587
Omar Marmoush,Eintracht Frankfurt,20,0.0,4.0,1.0,1.0,1.0,4.0,0.0,1,94,0.0,0.0,3.829787234042553,19.148936170212767,0.9574468085106382,0.9574468085106382,3.829787234042553,0.9574468085106382
Oscar Vilhelmsson,Darmstadt 98,15,1.0,4.0,8.0,1.0,1.0,4.0,0.0,2,124,0.7258064516129032,0.0,2.903225806451613,10.887096774193548,0.7258064516129032,0.7258064516129032,2.903225806451613,5.806451612903226
Ozan Muhammed Kabak,Hoffenheim,75,0.0,0.0,5.0,6.0,0.0,3.0,0.0,2,188,0.0,0.0,0.0,35.90425531914894,2.8723404255319145,0.0,1.4361702127659572,2.393617021276596
Pascal Stenzel,VfB Stuttgart,1,0.0,0.0,0.0,0.0,0.0,1.0,0.0,1,95,0.0,0.0,0.0,0.9473684210526315,0.0,0.0,0.9473684210526315,0.0
Patrick Mainka,FC Heidenheim,82,0.0,0.0,9.0,1.0,2.0,5.0,0.0,2,189,0.0,0.0,0.0,39.047619047619044,0.47619047619047616,0.9523809523809523,2.380952380952381,4.285714285714286
Patrick Osterhage,Bochum,61,0.0,1.0,1.0,5.0,3.0,11.0,0.0,2,179,0.0,0.0,0.5027932960893855,30.670391061452513,2.513966480446927,1.5083798882681565,5.53072625698324,0.5027932960893855
Patrick Wimmer,Wolfsburg,1,0.0,0.0,0.0,0.0,0.0,0.0,0.0,1,88,0.0,0.0,0.0,1.0227272727272727,0.0,0.0,0.0,0.0
Patrik Schick,Bayer Leverkusen,229,7.0,40.0,33.0,3.0,18.0,20.0,0.0,20,1648,0.38228155339805825,0.0,2.1844660194174756,12.506067961165048,0.1638349514563107,0.9830097087378641,1.0922330097087378,1.8021844660194175
Paul Jaeckel,Union Berlin,35,0.0,0.0,5.0,0.0,0.0,3.0,0.0,1,91,0.0,0.0,0.0,34.61538461538462,0.0,0.0,2.967032967032967,4.945054945054945
Pavao Pervan,Wolfsburg,42,0.0,0.0,0.0,0.0,0.0,6.0,0.0,1,93,0.0,0.0,0.0,40.64516129032258,0.0,0.0,5.806451612903226,0.0
Pavel Kadeřábek,Hoffenheim,39,0.0,0.0,2.0,0.0,2.0,1.0,0.0,1,94,0.0,0.0,0.0,37.340425531914896,0.0,1.9148936170212765,0.9574468085106382,1.9148936170212765
Pep Biel Mas Jaume,Augsburg,3,0.0,2.0,1.0,0.0,0.0,1.0,0.0,1,93,0.0,0.0,1.935483870967742,2.903225806451613,0.0,0.0,0.967741935483871,0.967741935483871
Philipp Förster,Bochum,10,0.0,0.0,1.0,0.0,0.0,0.0,0.0,1,93,0.0,0.0,0.0,9.67741935483871,0.0,0.0,0.0,0.967741935483871
Philipp Hofmann,Bochum,17,0.0,1.0,3.0,0.0,0.0,0.0,0.0,1,60,0.0,0.0,1.5,25.5,0.0,0.0,0.0,4.5
Philipp Lienhart,Freiburg,45,0.0,0.0,1.0,2.0,0.0,3.0,0.0,2,158,0.0,0.0,0.0,25.632911392405067,1.139240506329114,0.0,1.7088607594936709,0.569620253164557
Philipp Mwene,FSV Mainz 05,23,0.0,1.0,3.0,4.0,0.0,2.0,0.0,1,94,0.0,0.0,0.9574468085106382,22.02127659574468,3.829787234042553,0.0,1.9148936170212765,2.8723404255319145
Phillip Tietz,Augsburg,48,0.0,1.0,5.0,2.0,1.0,7.0,0.0,2,152,0.0,0.0,0.5921052631578947,28.421052631578945,1.1842105263157894,0.5921052631578947,4.144736842105263,2.9605263157894735
Piero Martín Hincapié Reyna,Bayer Leverkusen,1423,1.0,18.0,66.0,17.0,6.0,55.0,1.0,25,2207,0.04077933846850929,0.04077933846850929,0.7340280924331671,58.02899864068872,0.6932487539646579,0.24467603081105574,2.242863615768011,2.691436338921613
Rafael Santos Borré Amaury,Werder Bremen,18,0.0,1.0,7.0,0.0,0.0,3.0,0.0,1,71,0.0,0.0,1.267605633802817,22.816901408450704,0.0,0.0,3.8028169014084505,8.873239436619718
Rani Khedira,Union Berlin,18,0.0,1.0,3.0,0.0,0.0,1.0,0.0,1,61,0.0,0.0,1.4754098360655739,26.557377049180328,0.0,0.0,1.4754098360655739,4.426229508196721
Raphaël Adelino José Guerreiro,Bayern Munich,9,0.0,0.0,0.0,0.0,0.0,0.0,0.0,1,94,0.0,0.0,0.0,8.617021276595745,0.0,0.0,0.0,0.0
Rasmus Carstensen,FC Köln,72,0.0,0.0,6.0,3.0,0.0,8.0,0.0,2,182,0.0,0.0,0.0,35.604395604395606,1.4835164835164836,0.0,3.956043956043956,2.967032967032967
Ridle Bote Baku,Wolfsburg,81,0.0,2.0,6.0,7.0,1.0,2.0,0.0,2,182,0.0,0.0,0.989010989010989,40.05494505494505,3.4615384615384617,0.4945054945054945,0.989010989010989,2.967032967032967
Ritsu Doan,Freiburg,37,1.0,1.0,9.0,2.0,5.0,6.0,0.0,2,178,0.5056179775280899,0.0,0.5056179775280899,18.70786516853933,1.0112359550561798,2.528089887640449,3.033707865168539,4.550561797752809
Robert Andrich,Bayer Leverkusen,1501,4.0,23.0,52.0,15.0,11.0,89.0,2.0,28,2526,0.14251781472684086,0.07125890736342043,0.8194774346793349,53.47980997624703,0.5344418052256532,0.3919239904988124,3.171021377672209,1.852731591448931
Robert Skov,Hoffenheim,42,0.0,2.0,2.0,2.0,2.0,6.0,0.0,1,77,0.0,0.0,2.337662337662338,49.090909090909086,2.337662337662338,2.337662337662338,7.012987012987013,2.337662337662338
Robin Gosens,Union Berlin,40,0.0,1.0,2.0,0.0,0.0,5.0,0.0,2,138,0.0,0.0,0.6521739130434783,26.086956521739133,0.0,0.0,3.2608695652173916,1.3043478260869565
Robin Hack,Borussia Mönchengladbach,30,0.0,1.0,2.0,1.0,1.0,4.0,0.0,2,153,0.0,0.0,0.5882352941176471,17.647058823529413,0.5882352941176471,0.5882352941176471,2.3529411764705883,1.1764705882352942
Robin Knoche,Union Berlin,39,0.0,0.0,4.0,3.0,0.0,3.0,0.0,1,91,0.0,0.0,0.0,38.57142857142857,2.967032967032967,0.0,2.967032967032967,3.956043956043956
Robin Koch,Eintracht Frankfurt,117,0.0,0.0,4.0,3.0,0.0,1.0,0.0,2,157,0.0,0.0,0.0,67.07006369426752,1.7197452229299361,0.0,0.5732484076433121,2.2929936305732483
Robin Zentner,FSV Mainz 05,57,0.0,0.0,0.0,0.0,0.0,6.0,0.0,2,179,0.0,0.0,0.0,28.65921787709497,0.0,0.0,3.016759776536313,0.0
Rocco Reitz,Borussia Mönchengladbach,33,0.0,0.0,5.0,3.0,1.0,10.0,0.0,2,184,0.0,0.0,0.0,16.141304347826086,1.467391304347826,0.4891304347826087,4.891304347826087,2.4456521739130435
Roland Sallai,Freiburg,12,0.0,1.0,2.0,0.0,1.0,2.0,0.0,1,60,0.0,0.0,1.5,18.0,0.0,1.5,3.0,3.0
Romano Schmid,Werder Bremen,105,0.0,1.0,8.0,2.0,4.0,15.0,0.0,2,171,0.0,0.0,0.5263157894736842,55.26315789473684,1.0526315789473684,2.1052631578947367,7.894736842105263,4.2105263157894735
Ruben Vargas,Augsburg,14,0.0,1.0,3.0,0.0,1.0,3.0,0.0,1,61,0.0,0.0,1.4754098360655739,20.65573770491803,0.0,1.4754098360655739,4.426229508196721,4.426229508196721
Sacha Boey,Bayern Munich,55,0.0,1.0,2.0,1.0,4.0,1.0,0.0,1,80,0.0,0.0,1.125,61.875,1.125,4.5,1.125,2.25
Salih Özcan,Borussia Dortmund,4,0.0,0.0,0.0,0.0,0.0,0.0,0.0,1,98,0.0,0.0,0.0,3.6734693877551017,0.0,0.0,0.0,0.0
Sargis Adamyan,FC Köln,11,0.0,3.0,2.0,2.0,1.0,5.0,0.0,1,64,0.0,0.0,4.21875,15.46875,2.8125,1.40625,7.03125,2.8125
Sebastiaan Bornauw,Wolfsburg,49,0.0,0.0,6.0,0.0,0.0,4.0,0.0,2,165,0.0,0.0,0.0,26.72727272727273,0.0,0.0,2.1818181818181817,3.2727272727272725
Sebastian Polter,Darmstadt 98,4,0.0,0.0,1.0,0.0,1.0,0.0,0.0,1,94,0.0,0.0,0.0,3.829787234042553,0.0,0.9574468085106382,0.0,0.9574468085106382
Senne Lynen,Werder Bremen,77,0.0,0.0,3.0,2.0,1.0,5.0,0.0,2,177,0.0,0.0,0.0,39.152542372881356,1.0169491525423728,0.5084745762711864,2.542372881355932,1.5254237288135593
Sepp van den Berg,FSV Mainz 05,92,0.0,0.0,11.0,8.0,1.0,5.0,0.0,2,186,0.0,0.0,0.0,44.516129032258064,3.870967741935484,0.4838709677419355,2.4193548387096775,5.322580645161291
Serge Gnabry,Bayern Munich,30,0.0,4.0,3.0,2.0,1.0,4.0,0.0,1,69,0.0,0.0,5.217391304347826,39.130434782608695,2.608695652173913,1.3043478260869565,5.217391304347826,3.9130434782608696
Serhou Guirassy,VfB Stuttgart,65,0.0,9.0,2.0,0.0,3.0,3.0,0.0,2,191,0.0,0.0,4.2408376963350785,30.628272251308903,0.0,1.413612565445026,1.413612565445026,0.9424083769633509
Sheraldo Becker,Union Berlin,33,0.0,0.0,2.0,0.0,0.0,4.0,0.0,1,63,0.0,0.0,0.0,47.142857142857146,0.0,0.0,5.7142857142857135,2.8571428571428568
Shio Fukuda,Borussia Mönchengladbach,3,0.0,0.0,4.0,0.0,0.0,1.0,0.0,1,94,0.0,0.0,0.0,2.8723404255319145,0.0,0.0,0.9574468085106382,3.829787234042553
Silas Katompa Mvumpa,VfB Stuttgart,15,0.0,1.0,1.0,0.0,2.0,5.0,0.0,2,186,0.0,0.0,0.4838709677419355,7.258064516129032,0.0,0.967741935483871,2.4193548387096775,0.4838709677419355
Silvan Widmer,FSV Mainz 05,25,0.0,0.0,4.0,0.0,0.0,3.0,1.0,1,58,0.0,1.5517241379310345,0.0,38.79310344827586,0.0,0.0,4.655172413793103,6.206896551724138
Stefan Bell,FSV Mainz 05,54,0.0,1.0,1.0,0.0,1.0,3.0,0.0,1,91,0.0,0.0,0.989010989010989,53.40659340659341,0.0,0.989010989010989,2.967032967032967,0.989010989010989
Stefan Lainer,Borussia Mönchengladbach,4,0.0,0.0,1.0,1.0,0.0,1.0,0.0,1,91,0.0,0.0,0.0,3.956043956043956,0.989010989010989,0.0,0.989010989010989,0.989010989010989
Steffen Tigges,FC Köln,12,0.0,0.0,0.0,2.0,1.0,1.0,0.0,2,182,0.0,0.0,0.0,5.934065934065934,0.989010989010989,0.4945054945054945,0.4945054945054945,0.0
Sven Michel,Augsburg,10,0.0,0.0,5.0,0.0,0.0,3.0,0.0,2,188,0.0,0.0,0.0,4.787234042553192,0.0,0.0,1.4361702127659572,2.393617021276596
Sven Ulreich,Bayern Munich,36,0.0,0.0,0.0,0.0,0.0,1.0,0.0,1,96,0.0,0.0,0.0,33.75,0.0,0.0,0.9375,0.0
Takuma Asano,Bochum,8,0.0,0.0,3.0,0.0,0.0,1.0,0.0,2,64,0.0,0.0,0.0,11.25,0.0,0.0,1.40625,4.21875
Theoson Jordan Siebatcheu,Borussia Mönchengladbach,13,0.0,0.0,2.0,0.0,0.0,1.0,0.0,1,78,0.0,0.0,0.0,15.0,0.0,0.0,1.1538461538461537,2.3076923076923075
Thomas Meunier,Borussia Dortmund,3,0.0,0.0,1.0,0.0,0.0,0.0,0.0,1,94,0.0,0.0,0.0,2.8723404255319145,0.0,0.0,0.0,0.9574468085106382
Thomas Müller,Bayern Munich,50,0.0,1.0,7.0,1.0,1.0,1.0,0.0,2,150,0.0,0.0,0.6000000000000001,30.0,0.6000000000000001,0.6000000000000001,0.6000000000000001,4.2
Thomas Poppler Isherwood,Darmstadt 98,14,0.0,0.0,1.0,2.0,0.0,1.0,0.0,1,58,0.0,0.0,0.0,21.724137931034484,3.103448275862069,0.0,1.5517241379310345,1.5517241379310345
Tiago Barreiros de Melo Tomás,Wolfsburg,21,0.0,2.0,3.0,0.0,4.0,3.0,0.0,2,106,0.0,0.0,1.6981132075471697,17.830188679245285,0.0,3.3962264150943393,2.547169811320755,2.547169811320755
Tim Breithaupt,Augsburg,21,0.0,0.0,0.0,1.0,0.0,2.0,0.0,1,40,0.0,0.0,0.0,47.25,2.25,0.0,4.5,0.0
Tim Drexler,Hoffenheim,39,0.0,0.0,2.0,1.0,1.0,1.0,0.0,1,95,0.0,0.0,0.0,36.94736842105263,0.9473684210526315,0.9473684210526315,0.9473684210526315,1.894736842105263
Tim Kleindienst,FC Heidenheim,43,1.0,3.0,13.0,1.0,0.0,5.0,0.0,2,174,0.5172413793103449,0.0,1.5517241379310345,22.24137931034483,0.5172413793103449,0.0,2.586206896551724,6.724137931034483
Tim Oermann,Bochum,16,0.0,0.0,5.0,0.0,0.0,1.0,0.0,2,180,0.0,0.0,0.0,8.0,0.0,0.0,0.5,2.5
Tim Siersleben,FC Heidenheim,46,0.0,0.0,0.0,1.0,0.0,2.0,0.0,1,95,0.0,0.0,0.0,43.578947368421055,0.9473684210526315,0.0,1.894736842105263,0.0
Tim Skarke,Darmstadt 98,40,0.0,2.0,2.0,0.0,1.0,5.0,0.0,2,186,0.0,0.0,0.967741935483871,19.35483870967742,0.0,0.4838709677419355,2.4193548387096775,0.967741935483871
Timo Hübers,FC Köln,91,0.0,1.0,8.0,8.0,0.0,5.0,0.0,2,182,0.0,0.0,0.4945054945054945,45.0,3.956043956043956,0.0,2.4725274725274726,3.956043956043956
Timo Werner,RB Leipzig,16,0.0,1.0,3.0,0.0,2.0,1.0,0.0,1,61,0.0,0.0,1.4754098360655739,23.60655737704918,0.0,2.9508196721311477,1.4754098360655739,4.426229508196721
Tobias Kempe,Darmstadt 98,8,0.0,0.0,1.0,0.0,0.0,1.0,0.0,1,93,0.0,0.0,0.0,7.741935483870968,0.0,0.0,0.967741935483871,0.967741935483871
Tom Krauß,FSV Mainz 05,24,0.0,3.0,2.0,1.0,1.0,3.0,0.0,2,187,0.0,0.0,1.4438502673796794,11.550802139037435,0.48128342245989303,0.48128342245989303,1.4438502673796794,0.9625668449197861
Tomáš Koubek,Augsburg,34,0.0,0.0,0.0,0.0,0.0,4.0,0.0,1,89,0.0,0.0,0.0,34.38202247191011,0.0,0.0,4.044943820224719,0.0
Tomáš Čvančara,Borussia Mönchengladbach,23,0.0,3.0,3.0,0.0,0.0,2.0,0.0,1,78,0.0,0.0,3.4615384615384617,26.53846153846154,0.0,0.0,2.3076923076923075,3.4615384615384617
Umut Tohumcu,Hoffenheim,22,0.0,0.0,4.0,1.0,2.0,1.0,0.0,1,72,0.0,0.0,0.0,27.500000000000004,1.25,2.5,1.25,5.0
Victor Okoh Boniface,Bayer Leverkusen,391,14.0,81.0,34.0,3.0,86.0,53.0,8.0,23,1932,0.6521739130434783,0.3726708074534162,3.7732919254658386,18.214285714285715,0.13975155279503104,4.0062111801242235,2.468944099378882,1.5838509316770186
Vincenzo Grifo,Freiburg,50,0.0,0.0,2.0,2.0,1.0,4.0,1.0,2,140,0.0,0.6428571428571428,0.0,32.142857142857146,1.2857142857142856,0.6428571428571428,2.571428571428571,1.2857142857142856
Waldemar Anton,VfB Stuttgart,146,0.0,1.0,6.0,5.0,1.0,10.0,0.0,2,191,0.0,0.0,0.47120418848167545,68.79581151832461,2.356020942408377,0.47120418848167545,4.712041884816754,2.827225130890052
Willi Orban,RB Leipzig,93,0.0,0.0,4.0,2.0,0.0,1.0,0.0,1,94,0.0,0.0,0.0,89.04255319148936,1.9148936170212765,0.0,0.9574468085106382,3.829787234042553
Willian Joel Pacho Tenorio,Eintracht Frankfurt,126,0.0,1.0,3.0,2.0,0.0,12.0,0.0,2,187,0.0,0.0,0.48128342245989303,60.64171122994652,0.9625668449197861,0.0,5.7754010695187175,1.4438502673796794
Woo-Yeong Jeong,VfB Stuttgart,16,0.0,0.0,1.0,0.0,1.0,1.0,0.0,2,187,0.0,0.0,0.0,7.7005347593582885,0.0,0.48128342245989303,0.48128342245989303,0.48128342245989303
Wout Weghorst,Hoffenheim,41,1.0,3.0,9.0,2.0,2.0,1.0,1.0,2,172,0.5232558139534884,0.5232558139534884,1.569767441860465,21.453488372093023,1.0465116279069768,1.0465116279069768,0.5232558139534884,4.709302325581396
Xaver Schlager,RB Leipzig,75,0.0,1.0,6.0,2.0,1.0,13.0,1.0,2,176,0.0,0.5113636363636364,0.5113636363636364,38.35227272727273,1.0227272727272727,0.5113636363636364,6.647727272727273,3.068181818181818
Xavi Simons,RB Leipzig,51,1.0,1.0,3.0,2.0,4.0,8.0,0.0,2,144,0.625,0.0,0.625,31.875,1.25,2.5,5.0,1.875
Yannick Gerhardt,Wolfsburg,56,0.0,2.0,2.0,2.0,1.0,4.0,0.0,2,163,0.0,0.0,1.1042944785276074,30.92024539877301,1.1042944785276074,0.5521472392638037,2.208588957055215,1.1042944785276074
Yannik Keitel,Freiburg,9,1.0,2.0,0.0,0.0,0.0,3.0,0.0,1,92,0.9782608695652174,0.0,1.9565217391304348,8.804347826086957,0.0,0.0,2.934782608695652,0.0
Yorbe Vertessen,Union Berlin,3,0.0,1.0,2.0,0.0,0.0,2.0,0.0,1,47,0.0,0.0,1.9148936170212765,5.744680851063829,0.0,0.0,3.829787234042553,3.829787234042553
Yussuf Yurary Poulsen,RB Leipzig,11,0.0,2.0,2.0,0.0,1.0,1.0,0.0,2,189,0.0,0.0,0.9523809523809523,5.238095238095238,0.0,0.47619047619047616,0.47619047619047616,0.9523809523809523
Yvandro Borges Sanches,Borussia Mönchengladbach,4,0.0,0.0,0.0,0.0,0.0,1.0,0.0,1,91,0.0,0.0,0.0,3.956043956043956,0.0,0.0,0.989010989010989,0.0
